﻿<ModMetaData>
	<name>Deep Scanner Settings</name>
	<author>Neceros</author>
	<packageId>neceros.deepscannersettings</packageId>
	<supportedVersions>
		<li>1.1</li>
		<li>1.2</li>
		<li>1.3</li>
	</supportedVersions>
	<loadAfter>
		<li>Ludeon.RimWorld</li>
	</loadAfter>
	<description>What lies beneath the soles of feet,
is tread upon but never squeeks,
is always there... even while you sleep.

Though we don't know what's foul below,
the evil creeps through broken floor,
and it replaces fun and joy,
for wants and needs no one can afford.
</description>
</ModMetaData>